experiment,train_time,eval_time
result/UKDALE_WashingMachine_10s/128/NILMFormer_0,745.52,66.346
result/UKDALE_WashingMachine_10s/128/BERT4NILM_0,472.86,46.668
result/UKDALE_WashingMachine_10s/128/BiLSTM_0,437.567,57.646
result/UKDALE_WashingMachine_10s/128/BiGRU_0,489.993,42.814
result/UKDALE_WashingMachine_10s/128/CNN1D_0,392.222,43.289
result/UKDALE_WashingMachine_10s/128/DAResNet_0,1148.905,100.598
result/UKDALE_WashingMachine_10s/128/NILMFormer_1,775.454,50.673
result/UKDALE_WashingMachine_10s/128/BERT4NILM_1,481.818,45.592
result/UKDALE_WashingMachine_10s/128/BiLSTM_1,463.83,50.539
result/UKDALE_WashingMachine_10s/128/BiGRU_1,369.085,32.362
result/UKDALE_WashingMachine_10s/128/CNN1D_1,328.883,32.508
result/UKDALE_WashingMachine_10s/128/DAResNet_1,1169.83,80.848
result/UKDALE_WashingMachine_10s/128/NILMFormer_2,770.233,108.23
result/UKDALE_WashingMachine_10s/128/BERT4NILM_2,875.495,93.595
result/UKDALE_WashingMachine_10s/128/BiLSTM_2,888.784,97.753
result/UKDALE_WashingMachine_10s/128/BiGRU_2,836.523,95.074
result/UKDALE_WashingMachine_10s/128/CNN1D_2,851.927,92.036
result/UKDALE_WashingMachine_10s/128/DAResNet_2,1425.357,133.907
result/UKDALE_WashingMachine_10s/256/NILMFormer_0,530.93,51.956
result/UKDALE_WashingMachine_10s/256/BERT4NILM_0,461.071,51.345
result/UKDALE_WashingMachine_10s/256/BiLSTM_0,499.115,54.33
result/UKDALE_WashingMachine_10s/256/BiGRU_0,448.883,51.463
result/UKDALE_WashingMachine_10s/256/CNN1D_0,436.118,49.556
result/UKDALE_WashingMachine_10s/256/DAResNet_0,782.002,68.699
result/UKDALE_WashingMachine_10s/256/NILMFormer_1,527.787,49.873
result/UKDALE_WashingMachine_10s/256/BERT4NILM_1,428.008,48.588
result/UKDALE_WashingMachine_10s/256/BiLSTM_1,508.274,49.378
result/UKDALE_WashingMachine_10s/256/BiGRU_1,419.494,49.705
result/UKDALE_WashingMachine_10s/256/CNN1D_1,413.844,46.149
result/UKDALE_WashingMachine_10s/256/DAResNet_1,766.481,65.482
result/UKDALE_WashingMachine_10s/256/NILMFormer_2,506.776,52.451
result/UKDALE_WashingMachine_10s/256/BERT4NILM_2,463.857,48.656
result/UKDALE_WashingMachine_10s/256/BiLSTM_2,488.176,53.276
result/UKDALE_WashingMachine_10s/256/BiGRU_2,437.289,50.149
result/UKDALE_WashingMachine_10s/256/CNN1D_2,431.407,49.741
result/UKDALE_WashingMachine_10s/256/DAResNet_2,756.695,68.256
result/UKDALE_WashingMachine_10s/512/NILMFormer_0,313.54,26.523
result/UKDALE_WashingMachine_10s/512/BERT4NILM_0,238.75,25.639
result/UKDALE_WashingMachine_10s/512/BiLSTM_0,384.801,35.602
result/UKDALE_WashingMachine_10s/512/BiGRU_0,227.818,27.141
result/UKDALE_WashingMachine_10s/512/CNN1D_0,219.614,24.98
result/UKDALE_WashingMachine_10s/512/DAResNet_0,454.425,34.667
result/UKDALE_WashingMachine_10s/512/NILMFormer_1,319.757,26.724
result/UKDALE_WashingMachine_10s/512/BERT4NILM_1,216.022,23.709
result/UKDALE_WashingMachine_10s/512/BiLSTM_1,360.255,34.58
result/UKDALE_WashingMachine_10s/512/BiGRU_1,217.239,25.22
result/UKDALE_WashingMachine_10s/512/CNN1D_1,200.945,22.264
result/UKDALE_WashingMachine_10s/512/DAResNet_1,443.69,31.115
result/UKDALE_WashingMachine_10s/512/NILMFormer_2,305.667,26.52
result/UKDALE_WashingMachine_10s/512/BERT4NILM_2,227.748,25.665
result/UKDALE_WashingMachine_10s/512/BiLSTM_2,378.038,34.973
result/UKDALE_WashingMachine_10s/512/BiGRU_2,229.787,26.155
result/UKDALE_WashingMachine_10s/512/CNN1D_2,211.027,24.289
result/UKDALE_WashingMachine_10s/512/DAResNet_2,455.582,33.14
result/UKDALE_Dishwasher_10s/128/NILMFormer_0,1031.809,104.908
result/UKDALE_Dishwasher_10s/128/BERT4NILM_0,898.462,97.992
result/UKDALE_Dishwasher_10s/128/BiLSTM_0,941.212,91.915
result/UKDALE_Dishwasher_10s/128/BiGRU_0,895.842,103.516
result/UKDALE_Dishwasher_10s/128/CNN1D_0,879.669,101.89
result/UKDALE_Dishwasher_10s/128/DAResNet_0,1312.161,110.169
result/UKDALE_Dishwasher_10s/128/NILMFormer_1,950.349,88.721
result/UKDALE_Dishwasher_10s/128/BERT4NILM_1,749.68,71.516
result/UKDALE_Dishwasher_10s/128/BiLSTM_1,669.831,73.806
result/UKDALE_Dishwasher_10s/128/BiGRU_1,645.102,71.045
result/UKDALE_Dishwasher_10s/128/CNN1D_1,662.424,69.629
result/UKDALE_Dishwasher_10s/128/DAResNet_1,1255.936,110.032
result/UKDALE_Dishwasher_10s/128/NILMFormer_2,950.071,88.529
result/UKDALE_Dishwasher_10s/128/BERT4NILM_2,683.1,71.566
result/UKDALE_Dishwasher_10s/128/BiLSTM_2,667.601,73.812
result/UKDALE_Dishwasher_10s/128/BiGRU_2,644.72,71.045
result/UKDALE_Dishwasher_10s/128/CNN1D_2,628.46,69.62
result/UKDALE_Dishwasher_10s/128/DAResNet_2,1252.533,110.046
result/UKDALE_Dishwasher_10s/256/NILMFormer_0,477.309,44.394
result/UKDALE_Dishwasher_10s/256/BERT4NILM_0,346.124,36.062
result/UKDALE_Dishwasher_10s/256/BiLSTM_0,381.704,39.085
result/UKDALE_Dishwasher_10s/256/BiGRU_0,331.844,36.47
result/UKDALE_Dishwasher_10s/256/CNN1D_0,322.621,34.892
result/UKDALE_Dishwasher_10s/256/DAResNet_0,665.013,55.676
result/UKDALE_Dishwasher_10s/256/NILMFormer_1,481.981,44.397
result/UKDALE_Dishwasher_10s/256/BERT4NILM_1,348.674,36.057
result/UKDALE_Dishwasher_10s/256/BiLSTM_1,381.827,39.071
result/UKDALE_Dishwasher_10s/256/BiGRU_1,330.324,39.305
result/UKDALE_Dishwasher_10s/256/CNN1D_1,361.939,39.963
result/UKDALE_Dishwasher_10s/256/DAResNet_1,739.571,62.295
result/UKDALE_Dishwasher_10s/256/NILMFormer_2,525.07,49.712
result/UKDALE_Dishwasher_10s/256/BERT4NILM_2,379.868,38.988
result/UKDALE_Dishwasher_10s/256/BiLSTM_2,385.356,39.138
result/UKDALE_Dishwasher_10s/256/BiGRU_2,369.754,41.303
result/UKDALE_Dishwasher_10s/256/CNN1D_2,365.169,39.703
result/UKDALE_Dishwasher_10s/256/DAResNet_2,740.648,56.39
result/UKDALE_Dishwasher_10s/512/NILMFormer_0,269.37,22.905
result/UKDALE_Dishwasher_10s/512/BERT4NILM_0,191.451,20.422
result/UKDALE_Dishwasher_10s/512/BiLSTM_0,317.181,29.403
result/UKDALE_Dishwasher_10s/512/BiGRU_0,195.182,21.705
result/UKDALE_Dishwasher_10s/512/CNN1D_0,189.158,20.166
result/UKDALE_Dishwasher_10s/512/DAResNet_0,411.318,29.256
result/UKDALE_Dishwasher_10s/512/NILMFormer_1,277.97,22.524
result/UKDALE_Dishwasher_10s/512/BERT4NILM_1,198.043,20.762
result/UKDALE_Dishwasher_10s/512/BiLSTM_1,308.101,25.942
result/UKDALE_Dishwasher_10s/512/BiGRU_1,179.781,19.319
result/UKDALE_Dishwasher_10s/512/CNN1D_1,167.185,17.608
result/UKDALE_Dishwasher_10s/512/DAResNet_1,413.228,28.339
result/UKDALE_Dishwasher_10s/512/NILMFormer_2,266.442,22.53
result/UKDALE_Dishwasher_10s/512/BERT4NILM_2,173.546,18.225
result/UKDALE_Dishwasher_10s/512/BiLSTM_2,295.721,25.849
result/UKDALE_Dishwasher_10s/512/BiGRU_2,171.902,19.165
result/UKDALE_Dishwasher_10s/512/CNN1D_2,164.804,17.55
result/UKDALE_Dishwasher_10s/512/DAResNet_2,405.328,28.473
result/UKDALE_Kettle_10s/128/NILMFormer_0,907.874,157.331
result/UKDALE_Kettle_10s/128/BERT4NILM_0,703.808,131.16
result/UKDALE_Kettle_10s/128/BiLSTM_0,674.664,138.973
result/UKDALE_Kettle_10s/128/BiGRU_0,620.62,118.888
result/UKDALE_Kettle_10s/128/CNN1D_0,603.074,115.888
result/UKDALE_Kettle_10s/128/DAResNet_0,1189.225,185.718
result/UKDALE_Kettle_10s/128/NILMFormer_1,900.111,152.904
result/UKDALE_Kettle_10s/128/BERT4NILM_1,646.829,119.031
result/UKDALE_Kettle_10s/128/BiLSTM_1,635.566,122.766
result/UKDALE_Kettle_10s/128/BiGRU_1,611.615,118.274
result/UKDALE_Kettle_10s/128/CNN1D_1,601.401,115.895
result/UKDALE_Kettle_10s/128/DAResNet_1,1194.252,183.296
result/UKDALE_Kettle_10s/128/NILMFormer_2,895.885,153.024
result/UKDALE_Kettle_10s/128/BERT4NILM_2,647.056,119.077
result/UKDALE_Kettle_10s/128/BiLSTM_2,634.988,122.735
result/UKDALE_Kettle_10s/128/BiGRU_2,610.997,118.259
result/UKDALE_Kettle_10s/128/CNN1D_2,601.086,115.872
result/UKDALE_Kettle_10s/128/DAResNet_2,1191.995,185.877
result/UKDALE_Kettle_10s/256/NILMFormer_0,449.069,76.059
result/UKDALE_Kettle_10s/256/BERT4NILM_0,323.31,60.09
result/UKDALE_Kettle_10s/256/BiLSTM_0,359.637,65.005
result/UKDALE_Kettle_10s/256/BiGRU_0,311.705,60.777
result/UKDALE_Kettle_10s/256/CNN1D_0,304.333,58.053
result/UKDALE_Kettle_10s/256/DAResNet_0,629.642,92.893
result/UKDALE_Kettle_10s/256/NILMFormer_1,451.827,75.742
result/UKDALE_Kettle_10s/256/BERT4NILM_1,322.035,60.002
result/UKDALE_Kettle_10s/256/BiLSTM_1,358.771,65.006
result/UKDALE_Kettle_10s/256/BiGRU_1,312.201,60.698
result/UKDALE_Kettle_10s/256/CNN1D_1,304.294,58.063
result/UKDALE_Kettle_10s/256/DAResNet_1,630.273,92.956
result/UKDALE_Kettle_10s/256/NILMFormer_2,452.952,77.038
result/UKDALE_Kettle_10s/256/BERT4NILM_2,328.091,60.308
result/UKDALE_Kettle_10s/256/BiLSTM_2,359.321,65.013
result/UKDALE_Kettle_10s/256/BiGRU_2,310.629,60.69
result/UKDALE_Kettle_10s/256/CNN1D_2,302.89,58.477
result/UKDALE_Kettle_10s/256/DAResNet_2,630.747,94.014
result/UKDALE_Kettle_10s/512/NILMFormer_0,245.33,38.891
result/UKDALE_Kettle_10s/512/BERT4NILM_0,160.983,30.385
result/UKDALE_Kettle_10s/512/BiLSTM_0,277.563,42.906
result/UKDALE_Kettle_10s/512/BiGRU_0,158.337,31.832
result/UKDALE_Kettle_10s/512/CNN1D_0,152.808,29.171
result/UKDALE_Kettle_10s/512/DAResNet_0,378.826,47.558
result/UKDALE_Kettle_10s/512/NILMFormer_1,245.402,38.58
result/UKDALE_Kettle_10s/512/BERT4NILM_1,162.32,30.27
result/UKDALE_Kettle_10s/512/BiLSTM_1,277.714,42.945
result/UKDALE_Kettle_10s/512/BiGRU_1,158.849,31.829
result/UKDALE_Kettle_10s/512/CNN1D_1,152.185,29.158
result/UKDALE_Kettle_10s/512/DAResNet_1,381.928,47.936
result/UKDALE_Kettle_10s/512/NILMFormer_2,246.859,39.073
result/UKDALE_Kettle_10s/512/BERT4NILM_2,161.522,30.277
result/UKDALE_Kettle_10s/512/BiLSTM_2,277.213,42.915
result/UKDALE_Kettle_10s/512/BiGRU_2,158.5,31.825
result/UKDALE_Kettle_10s/512/CNN1D_2,152.902,29.159
result/UKDALE_Kettle_10s/512/DAResNet_2,379.513,47.553
result/UKDALE_Microwave_10s/128/NILMFormer_0,932.705,88.389
result/UKDALE_Microwave_10s/128/BERT4NILM_0,674.029,71.457
result/UKDALE_Microwave_10s/128/BiLSTM_0,660.427,73.68
result/UKDALE_Microwave_10s/128/BiGRU_0,636.277,70.983
result/UKDALE_Microwave_10s/128/CNN1D_0,624.817,69.563
result/UKDALE_Microwave_10s/128/DAResNet_0,1237.603,110.001
result/UKDALE_Microwave_10s/128/NILMFormer_1,928.002,88.371
result/UKDALE_Microwave_10s/128/BERT4NILM_1,668.951,71.465
result/UKDALE_Microwave_10s/128/BiLSTM_1,660.193,73.703
result/UKDALE_Microwave_10s/128/BiGRU_1,668.284,70.974
result/UKDALE_Microwave_10s/128/CNN1D_1,624.841,79.011
result/UKDALE_Microwave_10s/128/DAResNet_1,1340.38,122.336
result/UKDALE_Microwave_10s/128/NILMFormer_2,996.317,88.381
result/UKDALE_Microwave_10s/128/BERT4NILM_2,669.745,71.479
result/UKDALE_Microwave_10s/128/BiLSTM_2,658.424,73.67
result/UKDALE_Microwave_10s/128/BiGRU_2,642.671,70.99
result/UKDALE_Microwave_10s/128/CNN1D_2,622.79,69.562
result/UKDALE_Microwave_10s/128/DAResNet_2,981.869,57.856
result/UKDALE_Microwave_10s/256/NILMFormer_0,251.414,17.303
result/UKDALE_Microwave_10s/256/BERT4NILM_0,145.019,12.792
result/UKDALE_Microwave_10s/256/BiLSTM_0,134.677,10.188
result/UKDALE_Microwave_10s/256/BiGRU_0,89.933,8.508
result/UKDALE_Microwave_10s/256/CNN1D_0,101.079,9.585
result/UKDALE_Microwave_10s/256/DAResNet_0,440.333,28.495
result/UKDALE_Microwave_10s/256/NILMFormer_1,250.96,18.044
result/UKDALE_Microwave_10s/256/BERT4NILM_1,153.942,12.748
result/UKDALE_Microwave_10s/256/BiLSTM_1,131.453,10.857
result/UKDALE_Microwave_10s/256/BiGRU_1,91.837,8.851
result/UKDALE_Microwave_10s/256/CNN1D_1,104.27,9.848
result/UKDALE_Microwave_10s/256/DAResNet_1,488.98,38.743
result/UKDALE_Microwave_10s/256/NILMFormer_2,290.73,23.247
result/UKDALE_Microwave_10s/256/BERT4NILM_2,168.917,15.949
result/UKDALE_Microwave_10s/256/BiLSTM_2,137.291,11.949
result/UKDALE_Microwave_10s/256/BiGRU_2,100.588,9.717
result/UKDALE_Microwave_10s/256/CNN1D_2,116.698,11.162
result/UKDALE_Microwave_10s/256/DAResNet_2,445.042,31.36
result/UKDALE_Microwave_10s/512/NILMFormer_0,139.567,9.203
result/UKDALE_Microwave_10s/512/BERT4NILM_0,79.36,6.598
result/UKDALE_Microwave_10s/512/BiLSTM_0,92.375,8.263
result/UKDALE_Microwave_10s/512/BiGRU_0,54.869,5.216
result/UKDALE_Microwave_10s/512/CNN1D_0,59.279,4.83
result/UKDALE_Microwave_10s/512/DAResNet_0,296.959,16.879
result/UKDALE_Microwave_10s/512/NILMFormer_1,137.335,9.884
result/UKDALE_Microwave_10s/512/BERT4NILM_1,79.655,7.359
result/UKDALE_Microwave_10s/512/BiLSTM_1,92.558,7.6
result/UKDALE_Microwave_10s/512/BiGRU_1,53.768,5.292
result/UKDALE_Microwave_10s/512/CNN1D_1,57.885,4.681
result/UKDALE_Microwave_10s/512/DAResNet_1,290.016,15.045
result/UKDALE_Microwave_10s/512/NILMFormer_2,141.517,9.224
result/UKDALE_Microwave_10s/512/BERT4NILM_2,94.602,9.224
result/UKDALE_Microwave_10s/512/BiLSTM_2,104.75,7.802
result/UKDALE_Microwave_10s/512/BiGRU_2,62.247,7.037
result/UKDALE_Microwave_10s/512/CNN1D_2,68.628,6.674
result/UKDALE_Microwave_10s/512/DAResNet_2,338.989,19.069
result/UKDALE_Fridge_10s/128/NILMFormer_0,591.573,36.003
result/UKDALE_Fridge_10s/128/BERT4NILM_0,292.806,26.023
result/UKDALE_Fridge_10s/128/BiLSTM_0,177.038,17.161
result/UKDALE_Fridge_10s/128/BiGRU_0,174.233,16.205
result/UKDALE_Fridge_10s/128/CNN1D_0,197.918,18.192
result/UKDALE_Fridge_10s/128/DAResNet_0,814.711,58.811
result/UKDALE_Fridge_10s/128/NILMFormer_1,490.037,35.516
result/UKDALE_Fridge_10s/128/BERT4NILM_1,292.87,30.228
result/UKDALE_Fridge_10s/128/BiLSTM_1,209.68,19.978
result/UKDALE_Fridge_10s/128/BiGRU_1,207.909,19.108
result/UKDALE_Fridge_10s/128/CNN1D_1,238.698,18.297
result/UKDALE_Fridge_10s/128/DAResNet_1,944.486,89.185
result/UKDALE_Fridge_10s/128/NILMFormer_2,596.737,52.004
result/UKDALE_Fridge_10s/128/BERT4NILM_2,372.34,38.718
result/UKDALE_Fridge_10s/128/BiLSTM_2,222.67,17.287
result/UKDALE_Fridge_10s/128/BiGRU_2,176.892,23.524
result/UKDALE_Fridge_10s/128/CNN1D_2,245.876,19.867
result/UKDALE_Fridge_10s/128/DAResNet_2,989.272,79.044
result/UKDALE_Fridge_10s/256/NILMFormer_0,306.413,28.033
result/UKDALE_Fridge_10s/256/BERT4NILM_0,226.224,23.574
result/UKDALE_Fridge_10s/256/BiLSTM_0,186.137,20.275
result/UKDALE_Fridge_10s/256/BiGRU_0,137.329,16.759
result/UKDALE_Fridge_10s/256/CNN1D_0,146.48,17.972
result/UKDALE_Fridge_10s/256/DAResNet_0,560.195,46.701
result/UKDALE_Fridge_10s/256/NILMFormer_1,338.676,29.801
result/UKDALE_Fridge_10s/256/BERT4NILM_1,229.636,23.439
result/UKDALE_Fridge_10s/256/BiLSTM_1,131.919,10.482
result/UKDALE_Fridge_10s/256/BiGRU_1,89.586,8.704
result/UKDALE_Fridge_10s/256/CNN1D_1,101.044,8.903
result/UKDALE_Fridge_10s/256/DAResNet_1,436.194,29.535
result/UKDALE_Fridge_10s/256/NILMFormer_2,255.483,17.836
result/UKDALE_Fridge_10s/256/BERT4NILM_2,147.806,13.346
result/UKDALE_Fridge_10s/256/BiLSTM_2,130.924,10.47
result/UKDALE_Fridge_10s/256/BiGRU_2,89.228,8.468
result/UKDALE_Fridge_10s/256/CNN1D_2,100.541,8.846
result/UKDALE_Fridge_10s/256/DAResNet_2,448.196,29.82
result/UKDALE_Fridge_10s/512/NILMFormer_0,134.982,9.074
result/UKDALE_Fridge_10s/512/BERT4NILM_0,77.142,6.614
result/UKDALE_Fridge_10s/512/BiLSTM_0,91.527,7.564
result/UKDALE_Fridge_10s/512/BiGRU_0,52.487,5.163
result/UKDALE_Fridge_10s/512/CNN1D_0,56.142,4.642
result/UKDALE_Fridge_10s/512/DAResNet_0,290.701,16.934
result/UKDALE_Fridge_10s/512/NILMFormer_1,133.534,9.012
result/UKDALE_Fridge_10s/512/BERT4NILM_1,77.179,6.535
result/UKDALE_Fridge_10s/512/BiLSTM_1,92.354,7.637
result/UKDALE_Fridge_10s/512/BiGRU_1,53.106,5.344
result/UKDALE_Fridge_10s/512/CNN1D_1,56.541,4.727
result/UKDALE_Fridge_10s/512/DAResNet_1,287.545,15.078
result/UKDALE_Fridge_10s/512/NILMFormer_2,132.643,8.934
result/UKDALE_Fridge_10s/512/BERT4NILM_2,76.058,6.492
result/UKDALE_Fridge_10s/512/BiLSTM_2,92.166,7.545
result/UKDALE_Fridge_10s/512/BiGRU_2,52.626,5.523
result/UKDALE_Fridge_10s/512/CNN1D_2,58.105,4.718
result/UKDALE_Fridge_10s/512/DAResNet_2,294.943,16.336
result/UKDALE_Kettle_10s/128/TCN_KL_0,0,48.912
result/UKDALE_Kettle_10s/128/TCN_KL_1,0,47.997
result/UKDALE_Kettle_10s/128/TCN_KL_2,0,46.796
result/UKDALE_WashingMachine_10s/128/TCN_KL_0,0,27.672
result/UKDALE_WashingMachine_10s/128/TCN_KL_1,0,27.532
result/UKDALE_WashingMachine_10s/128/TCN_KL_2,0,27.682
result/UKDALE_WashingMachine_10s/256/TCN_KL_0,0,13.966
result/UKDALE_WashingMachine_10s/256/TCN_KL_1,0,13.925
result/UKDALE_WashingMachine_10s/256/TCN_KL_2,0,13.631
result/UKDALE_WashingMachine_10s/512/TCN_KL_0,0,6.947
result/UKDALE_WashingMachine_10s/512/TCN_KL_1,0,7.12
result/UKDALE_WashingMachine_10s/512/TCN_KL_2,0,6.968
result/UKDALE_Dishwasher_10s/128/TCN_KL_0,0,27.774
result/UKDALE_Dishwasher_10s/128/TCN_KL_1,0,27.524
result/UKDALE_Dishwasher_10s/128/TCN_KL_2,0,27.093
result/UKDALE_Dishwasher_10s/256/TCN_KL_0,0,13.637
result/UKDALE_Dishwasher_10s/256/TCN_KL_1,0,13.557
result/UKDALE_Dishwasher_10s/256/TCN_KL_2,0,14.004
result/UKDALE_Dishwasher_10s/512/TCN_KL_0,0,6.968
result/UKDALE_Dishwasher_10s/512/TCN_KL_1,0,7.257
result/UKDALE_Dishwasher_10s/512/TCN_KL_2,0,6.871
result/UKDALE_Kettle_10s/128/TCN_KL_0,0,49.55
result/UKDALE_Kettle_10s/128/TCN_KL_1,0,49.35
result/UKDALE_Kettle_10s/128/TCN_KL_2,0,50.194
result/UKDALE_Kettle_10s/256/TCN_KL_0,0,25.704
result/UKDALE_Kettle_10s/256/TCN_KL_1,0,26.017
result/UKDALE_Kettle_10s/256/TCN_KL_2,0,25.611
result/UKDALE_Kettle_10s/512/TCN_KL_0,0,12.711
result/UKDALE_Kettle_10s/512/TCN_KL_1,0,12.678
result/UKDALE_Kettle_10s/512/TCN_KL_2,0,12.841
result/UKDALE_Microwave_10s/128/TCN_KL_0,0,26.918
result/UKDALE_Microwave_10s/128/TCN_KL_1,0,26.616
result/UKDALE_Microwave_10s/128/TCN_KL_2,0,27.224
result/UKDALE_Microwave_10s/256/TCN_KL_0,0,14.024
result/UKDALE_Microwave_10s/256/TCN_KL_1,0,13.769
result/UKDALE_Microwave_10s/256/TCN_KL_2,0,14.109
result/UKDALE_Microwave_10s/512/TCN_KL_0,0,7.143
result/UKDALE_Microwave_10s/512/TCN_KL_1,0,7.155
result/UKDALE_Microwave_10s/512/TCN_KL_2,0,7.138
result/UKDALE_Fridge_10s/128/TCN_KL_0,0,27.09
result/UKDALE_Fridge_10s/128/TCN_KL_1,0,27.115
result/UKDALE_Fridge_10s/128/TCN_KL_2,0,27.736
result/UKDALE_Fridge_10s/256/TCN_KL_0,0,14.464
result/UKDALE_Fridge_10s/256/TCN_KL_1,0,14.027
result/UKDALE_Fridge_10s/256/TCN_KL_2,0,13.949
result/UKDALE_Fridge_10s/512/TCN_KL_0,0,7.15
result/UKDALE_Fridge_10s/512/TCN_KL_1,0,6.948
result/UKDALE_Fridge_10s/512/TCN_KL_2,0,7.656
result/UKDALE_WashingMachine_10s/128/TCN_KL_0,0,33.915
result/UKDALE_WashingMachine_10s/128/TCN_KL_1,0,33.644
result/UKDALE_WashingMachine_10s/128/TCN_KL_2,0,45.772
result/UKDALE_WashingMachine_10s/256/TCN_KL_0,0,25.392
result/UKDALE_WashingMachine_10s/256/TCN_KL_1,0,16.169
result/UKDALE_WashingMachine_10s/256/TCN_KL_2,0,16.447
result/UKDALE_WashingMachine_10s/512/TCN_KL_0,0,8.177
result/UKDALE_WashingMachine_10s/512/TCN_KL_1,0,8.27
result/UKDALE_WashingMachine_10s/512/TCN_KL_2,0,8.159
result/UKDALE_Dishwasher_10s/128/TCN_KL_0,0,31.571
result/UKDALE_Dishwasher_10s/128/TCN_KL_1,0,32.28
result/UKDALE_Dishwasher_10s/128/TCN_KL_2,0,31.518
result/UKDALE_Dishwasher_10s/256/TCN_KL_0,0,16.16
result/UKDALE_Dishwasher_10s/256/TCN_KL_1,0,16.0
result/UKDALE_Dishwasher_10s/256/TCN_KL_2,0,16.103
result/UKDALE_Dishwasher_10s/512/TCN_KL_0,0,8.6
result/UKDALE_Dishwasher_10s/512/TCN_KL_1,0,8.351
result/UKDALE_Dishwasher_10s/512/TCN_KL_2,0,8.325
result/UKDALE_Kettle_10s/128/TCN_KL_0,0,59.625
result/UKDALE_Kettle_10s/128/TCN_KL_1,0,58.97
result/UKDALE_Kettle_10s/128/TCN_KL_2,0,59.27
result/UKDALE_Kettle_10s/256/TCN_KL_0,0,29.96
result/UKDALE_Kettle_10s/256/TCN_KL_1,0,29.892
result/UKDALE_Kettle_10s/256/TCN_KL_2,0,29.688
result/UKDALE_Kettle_10s/512/TCN_KL_0,0,15.023
result/UKDALE_Kettle_10s/512/TCN_KL_1,0,15.112
result/UKDALE_Kettle_10s/512/TCN_KL_2,0,15.07
result/UKDALE_Microwave_10s/128/TCN_KL_0,0,31.911
result/UKDALE_Microwave_10s/128/TCN_KL_1,0,31.393
result/UKDALE_Microwave_10s/128/TCN_KL_2,0,31.879
result/UKDALE_Microwave_10s/256/TCN_KL_0,0,16.687
result/UKDALE_Microwave_10s/256/TCN_KL_1,0,16.355
result/UKDALE_Microwave_10s/256/TCN_KL_2,0,16.662
result/UKDALE_Microwave_10s/512/TCN_KL_0,0,8.598
result/UKDALE_Microwave_10s/512/TCN_KL_1,0,8.42
result/UKDALE_Microwave_10s/512/TCN_KL_2,0,9.034
result/UKDALE_Fridge_10s/128/TCN_KL_0,0,32.718
result/UKDALE_Fridge_10s/128/TCN_KL_1,0,31.704
result/UKDALE_Fridge_10s/128/TCN_KL_2,0,33.748
result/UKDALE_Fridge_10s/256/TCN_KL_0,0,16.525
result/UKDALE_Fridge_10s/256/TCN_KL_1,0,16.677
result/UKDALE_Fridge_10s/256/TCN_KL_2,0,16.445
result/UKDALE_Fridge_10s/512/TCN_KL_0,0,8.46
result/UKDALE_Fridge_10s/512/TCN_KL_1,0,8.539
result/UKDALE_Fridge_10s/512/TCN_KL_2,0,8.45
result/REDD_WashingMachine_1min/128/NILMFormer_0,31.646,2.159
result/REDD_WashingMachine_1min/128/NILMFormer_1,10.684,2.088
result/REDD_WashingMachine_1min/128/NILMFormer_2,10.436,1.934
result/REDD_WashingMachine_1min/128/NILMFormer_0,18.253,0.311
result/REDD_WashingMachine_1min/128/NILMFormer_1,2.586,0.314
result/REDD_WashingMachine_1min/128/NILMFormer_2,2.183,0.313
result/REDD_WashingMachine_1min/256/NILMFormer_0,2.373,0.184
result/REDD_WashingMachine_1min/256/NILMFormer_1,2.371,0.158
result/REDD_WashingMachine_1min/256/NILMFormer_2,1.522,0.156
result/REDD_WashingMachine_1min/512/NILMFormer_0,2.394,0.074
result/REDD_WashingMachine_1min/512/NILMFormer_1,2.263,0.075
result/REDD_WashingMachine_1min/512/NILMFormer_2,1.827,0.073
result/REDD_Dishwasher_1min/128/NILMFormer_0,2.919,0.315
result/REDD_Dishwasher_1min/128/NILMFormer_1,1.948,0.316
result/REDD_Dishwasher_1min/128/NILMFormer_2,2.519,0.313
result/REDD_Dishwasher_1min/256/NILMFormer_0,1.55,0.153
result/REDD_Dishwasher_1min/256/NILMFormer_1,1.533,0.15
result/REDD_Dishwasher_1min/256/NILMFormer_2,1.637,0.151
result/REDD_Dishwasher_1min/512/NILMFormer_0,2.339,0.075
result/REDD_Dishwasher_1min/512/NILMFormer_1,1.492,0.074
result/REDD_Dishwasher_1min/512/NILMFormer_2,1.928,0.074
result/REDD_Microwave_1min/128/NILMFormer_0,1.674,0.315
result/REDD_Microwave_1min/128/NILMFormer_1,1.73,0.313
result/REDD_Microwave_1min/128/NILMFormer_2,1.697,0.312
result/REDD_Microwave_1min/256/NILMFormer_0,2.358,0.152
result/REDD_Microwave_1min/256/NILMFormer_1,1.311,0.155
result/REDD_Microwave_1min/256/NILMFormer_2,2.314,0.153
result/REDD_Microwave_1min/512/NILMFormer_0,2.005,0.079
result/REDD_Microwave_1min/512/NILMFormer_1,2.013,0.074
result/REDD_Microwave_1min/512/NILMFormer_2,1.997,0.076
result/REDD_Fridge_1min/128/NILMFormer_0,2.209,0.313
result/REDD_Fridge_1min/128/NILMFormer_1,2.275,0.313
result/REDD_Fridge_1min/128/NILMFormer_2,2.29,0.322
result/REDD_Fridge_1min/256/NILMFormer_0,2.386,0.195
result/REDD_Fridge_1min/256/NILMFormer_1,2.272,0.156
result/REDD_Fridge_1min/256/NILMFormer_2,1.467,0.161
result/REDD_Fridge_1min/512/NILMFormer_0,1.419,0.076
result/REDD_Fridge_1min/512/NILMFormer_1,2.305,0.075
result/REDD_Fridge_1min/512/NILMFormer_2,2.19,0.075
result/REDD_WashingMachine_1min/128/NILMFormer_0,2.726,0.311
result/REDD_WashingMachine_1min/128/BERT4NILM_0,7.464,0.249
result/REDD_WashingMachine_1min/128/BiLSTM_0,16.733,0.255
result/REDD_WashingMachine_1min/128/BiGRU_0,1.284,0.161
result/REDD_WashingMachine_1min/128/CNN1D_0,3.485,0.131
result/REDD_WashingMachine_1min/128/DAResNet_0,24.412,0.402
result/REDD_WashingMachine_1min/128/NILMFormer_1,2.555,0.327
result/REDD_WashingMachine_1min/128/BERT4NILM_1,7.442,0.224
result/REDD_WashingMachine_1min/128/BiLSTM_1,15.302,0.26
result/REDD_WashingMachine_1min/128/BiGRU_1,1.253,0.16
result/REDD_WashingMachine_1min/128/CNN1D_1,3.038,0.159
result/REDD_WashingMachine_1min/128/DAResNet_1,23.969,0.41
result/REDD_WashingMachine_1min/128/NILMFormer_2,2.321,0.325
result/REDD_WashingMachine_1min/128/BERT4NILM_2,7.488,0.253
result/REDD_WashingMachine_1min/128/BiLSTM_2,15.413,0.261
result/REDD_WashingMachine_1min/128/BiGRU_2,0.956,0.16
result/REDD_WashingMachine_1min/128/CNN1D_2,3.075,0.158
result/REDD_WashingMachine_1min/128/DAResNet_2,23.875,0.403
result/REDD_WashingMachine_1min/256/NILMFormer_0,2.417,0.156
result/REDD_WashingMachine_1min/256/BERT4NILM_0,7.112,0.141
result/REDD_WashingMachine_1min/256/BiLSTM_0,19.373,0.171
result/REDD_WashingMachine_1min/256/BiGRU_0,0.757,0.101
result/REDD_WashingMachine_1min/256/CNN1D_0,8.465,0.119
result/REDD_WashingMachine_1min/256/DAResNet_0,44.535,0.239
result/REDD_WashingMachine_1min/256/NILMFormer_1,2.449,0.156
result/REDD_WashingMachine_1min/256/BERT4NILM_1,7.045,0.11
result/REDD_WashingMachine_1min/256/BiLSTM_1,19.331,0.194
result/REDD_WashingMachine_1min/256/BiGRU_1,1.062,0.131
result/REDD_WashingMachine_1min/256/CNN1D_1,5.745,0.104
result/REDD_WashingMachine_1min/256/DAResNet_1,29.963,0.331
result/REDD_WashingMachine_1min/256/NILMFormer_2,1.948,0.157
result/REDD_WashingMachine_1min/256/BERT4NILM_2,7.004,0.112
result/REDD_WashingMachine_1min/256/BiLSTM_2,29.894,0.172
result/REDD_WashingMachine_1min/256/BiGRU_2,1.323,0.107
result/REDD_WashingMachine_1min/256/CNN1D_2,9.716,0.1
result/REDD_WashingMachine_1min/256/DAResNet_2,30.468,0.281
result/REDD_WashingMachine_1min/512/NILMFormer_0,2.265,0.09
result/REDD_WashingMachine_1min/512/BERT4NILM_0,4.886,0.053
result/REDD_WashingMachine_1min/512/BiLSTM_0,37.119,0.159
result/REDD_WashingMachine_1min/512/BiGRU_0,0.663,0.069
result/REDD_WashingMachine_1min/512/CNN1D_0,9.52,0.035
result/REDD_WashingMachine_1min/512/DAResNet_0,58.431,0.114
result/REDD_WashingMachine_1min/512/NILMFormer_1,2.273,0.077
result/REDD_WashingMachine_1min/512/BERT4NILM_1,7.006,0.111
result/REDD_WashingMachine_1min/512/BiLSTM_1,37.158,0.153
result/REDD_WashingMachine_1min/512/BiGRU_1,1.238,0.072
result/REDD_WashingMachine_1min/512/CNN1D_1,9.595,0.083
result/REDD_WashingMachine_1min/512/DAResNet_1,86.906,0.14
result/REDD_WashingMachine_1min/512/NILMFormer_2,1.619,0.113
result/REDD_WashingMachine_1min/512/BERT4NILM_2,8.281,0.078
result/REDD_WashingMachine_1min/512/BiLSTM_2,42.073,0.138
result/REDD_WashingMachine_1min/512/BiGRU_2,1.376,0.072
result/REDD_WashingMachine_1min/512/CNN1D_2,10.99,0.041
result/REDD_WashingMachine_1min/512/DAResNet_2,58.208,0.102
result/REDD_Dishwasher_1min/128/NILMFormer_0,2.847,0.37
result/REDD_Dishwasher_1min/128/BERT4NILM_0,10.945,0.279
result/REDD_Dishwasher_1min/128/BiLSTM_0,31.215,0.27
result/REDD_Dishwasher_1min/128/BiGRU_0,3.834,1.494
result/REDD_Dishwasher_1min/128/CNN1D_0,5.574,1.212
result/REDD_Dishwasher_1min/128/DAResNet_0,35.523,1.829
result/REDD_Dishwasher_1min/128/NILMFormer_1,6.62,1.669
result/REDD_Dishwasher_1min/128/BERT4NILM_1,12.202,0.233
result/REDD_Dishwasher_1min/128/BiLSTM_1,17.426,0.812
result/REDD_Dishwasher_1min/128/BiGRU_1,5.879,1.261
result/REDD_Dishwasher_1min/128/CNN1D_1,10.977,0.134
result/REDD_Dishwasher_1min/128/DAResNet_1,29.301,0.49
result/REDD_Dishwasher_1min/128/NILMFormer_2,5.2,0.347
result/REDD_Dishwasher_1min/128/BERT4NILM_2,8.757,1.608
result/REDD_Dishwasher_1min/128/BiLSTM_2,30.737,1.407
result/REDD_Dishwasher_1min/128/BiGRU_2,1.779,1.49
result/REDD_Dishwasher_1min/128/CNN1D_2,13.745,0.176
result/REDD_Dishwasher_1min/128/DAResNet_2,30.504,0.458
result/REDD_Dishwasher_1min/256/NILMFormer_0,4.176,0.775
result/REDD_Dishwasher_1min/256/BERT4NILM_0,15.523,0.144
result/REDD_Dishwasher_1min/256/BiLSTM_0,29.585,0.425
result/REDD_Dishwasher_1min/256/BiGRU_0,3.214,0.129
result/REDD_Dishwasher_1min/256/CNN1D_0,19.39,0.109
result/REDD_Dishwasher_1min/256/DAResNet_0,31.485,0.832
result/REDD_Dishwasher_1min/256/NILMFormer_1,3.937,0.761
result/REDD_Dishwasher_1min/256/BERT4NILM_1,8.709,0.721
result/REDD_Dishwasher_1min/256/BiLSTM_1,31.6,0.205
result/REDD_Dishwasher_1min/256/BiGRU_1,2.206,0.747
result/REDD_Dishwasher_1min/256/CNN1D_1,6.977,0.46
result/REDD_Dishwasher_1min/256/DAResNet_1,16.818,0.795
result/REDD_Dishwasher_1min/256/NILMFormer_2,3.719,0.769
result/REDD_Dishwasher_1min/256/BERT4NILM_2,8.521,0.709
result/REDD_Dishwasher_1min/256/BiLSTM_2,29.904,0.205
result/REDD_Dishwasher_1min/256/BiGRU_2,2.356,0.719
result/REDD_Dishwasher_1min/256/CNN1D_2,4.281,0.475
result/REDD_Dishwasher_1min/256/DAResNet_2,31.36,0.789
result/REDD_Dishwasher_1min/512/NILMFormer_0,1.967,0.081
result/REDD_Dishwasher_1min/512/BERT4NILM_0,7.419,0.111
result/REDD_Dishwasher_1min/512/BiLSTM_0,39.49,0.178
result/REDD_Dishwasher_1min/512/BiGRU_0,1.906,0.329
result/REDD_Dishwasher_1min/512/CNN1D_0,9.986,0.096
result/REDD_Dishwasher_1min/512/DAResNet_0,29.977,0.273
result/REDD_Dishwasher_1min/512/NILMFormer_1,2.828,0.345
result/REDD_Dishwasher_1min/512/BERT4NILM_1,5.69,0.133
result/REDD_Dishwasher_1min/512/BiLSTM_1,19.196,0.441
result/REDD_Dishwasher_1min/512/BiGRU_1,1.659,0.319
result/REDD_Dishwasher_1min/512/CNN1D_1,9.941,0.105
result/REDD_Dishwasher_1min/512/DAResNet_1,58.583,0.142
result/REDD_Dishwasher_1min/512/NILMFormer_2,2.79,0.347
result/REDD_Dishwasher_1min/512/BERT4NILM_2,5.549,0.12
result/REDD_Dishwasher_1min/512/BiLSTM_2,38.185,0.138
result/REDD_Dishwasher_1min/512/BiGRU_2,1.634,0.314
result/REDD_Dishwasher_1min/512/CNN1D_2,9.937,0.077
result/REDD_Dishwasher_1min/512/DAResNet_2,29.675,0.364
result/REDD_Microwave_1min/128/NILMFormer_0,4.819,1.659
result/REDD_Microwave_1min/128/BERT4NILM_0,8.685,0.356
result/REDD_Microwave_1min/128/BiLSTM_0,16.841,0.289
result/REDD_Microwave_1min/128/BiGRU_0,3.421,1.485
result/REDD_Microwave_1min/128/CNN1D_0,10.319,1.398
result/REDD_Microwave_1min/128/DAResNet_0,33.491,1.735
result/REDD_Microwave_1min/128/NILMFormer_1,7.504,1.668
result/REDD_Microwave_1min/128/BERT4NILM_1,16.781,0.25
result/REDD_Microwave_1min/128/BiLSTM_1,16.59,0.433
result/REDD_Microwave_1min/128/BiGRU_1,4.772,0.167
result/REDD_Microwave_1min/128/CNN1D_1,5.455,0.169
result/REDD_Microwave_1min/128/DAResNet_1,27.802,1.507
result/REDD_Microwave_1min/128/NILMFormer_2,4.827,1.656
result/REDD_Microwave_1min/128/BERT4NILM_2,9.777,1.588
result/REDD_Microwave_1min/128/BiLSTM_2,16.888,1.051
result/REDD_Microwave_1min/128/BiGRU_2,3.687,1.453
result/REDD_Microwave_1min/128/CNN1D_2,5.377,0.135
result/REDD_Microwave_1min/128/DAResNet_2,16.617,0.654
result/REDD_Microwave_1min/256/NILMFormer_0,1.837,0.256
result/REDD_Microwave_1min/256/BERT4NILM_0,6.651,0.112
result/REDD_Microwave_1min/256/BiLSTM_0,21.12,0.705
result/REDD_Microwave_1min/256/BiGRU_0,2.115,0.726
result/REDD_Microwave_1min/256/CNN1D_0,10.192,0.17
result/REDD_Microwave_1min/256/DAResNet_0,47.8,0.208
result/REDD_Microwave_1min/256/NILMFormer_1,3.667,0.775
result/REDD_Microwave_1min/256/BERT4NILM_1,8.828,0.671
result/REDD_Microwave_1min/256/BiLSTM_1,22.188,0.189
result/REDD_Microwave_1min/256/BiGRU_1,2.91,0.743
result/REDD_Microwave_1min/256/CNN1D_1,10.561,0.073
result/REDD_Microwave_1min/256/DAResNet_1,48.237,0.754
result/REDD_Microwave_1min/256/NILMFormer_2,3.612,0.762
result/REDD_Microwave_1min/256/BERT4NILM_2,8.548,0.73
result/REDD_Microwave_1min/256/BiLSTM_2,21.146,0.372
result/REDD_Microwave_1min/256/BiGRU_2,2.55,0.744
result/REDD_Microwave_1min/256/CNN1D_2,9.476,0.07
result/REDD_Microwave_1min/256/DAResNet_2,60.754,0.713
result/REDD_Microwave_1min/512/NILMFormer_0,5.268,0.077
result/REDD_Microwave_1min/512/BERT4NILM_0,7.834,0.063
result/REDD_Microwave_1min/512/BiLSTM_0,39.0,0.315
result/REDD_Microwave_1min/512/BiGRU_0,1.296,0.343
result/REDD_Microwave_1min/512/CNN1D_0,10.478,0.112
result/REDD_Microwave_1min/512/DAResNet_0,61.062,0.223
result/REDD_Microwave_1min/512/NILMFormer_1,2.916,0.341
result/REDD_Microwave_1min/512/BERT4NILM_1,3.547,0.055
result/REDD_Microwave_1min/512/BiLSTM_1,38.822,0.186
result/REDD_Microwave_1min/512/BiGRU_1,1.876,0.334
result/REDD_Microwave_1min/512/CNN1D_1,10.335,0.094
result/REDD_Microwave_1min/512/DAResNet_1,61.329,0.173
result/REDD_Microwave_1min/512/NILMFormer_2,2.043,0.338
result/REDD_Microwave_1min/512/BERT4NILM_2,3.555,0.313
result/REDD_Microwave_1min/512/BiLSTM_2,61.814,0.367
result/REDD_Microwave_1min/512/BiGRU_2,2.244,0.337
result/REDD_Microwave_1min/512/CNN1D_2,17.258,0.036
result/REDD_Microwave_1min/512/DAResNet_2,95.941,0.329
result/REDD_Fridge_1min/128/NILMFormer_0,4.621,0.474
result/REDD_Fridge_1min/128/BERT4NILM_0,9.186,0.376
result/REDD_Fridge_1min/128/BiLSTM_0,23.409,0.301
result/REDD_Fridge_1min/128/BiGRU_0,3.809,1.46
result/REDD_Fridge_1min/128/CNN1D_0,15.4,0.172
result/REDD_Fridge_1min/128/DAResNet_0,42.505,1.466
result/REDD_Fridge_1min/128/NILMFormer_1,7.147,1.662
result/REDD_Fridge_1min/128/BERT4NILM_1,12.143,0.719
result/REDD_Fridge_1min/128/BiLSTM_1,27.585,0.507
result/REDD_Fridge_1min/128/BiGRU_1,4.386,1.494
result/REDD_Fridge_1min/128/CNN1D_1,15.358,0.132
result/REDD_Fridge_1min/128/DAResNet_1,28.324,0.994
result/REDD_Fridge_1min/128/NILMFormer_2,7.216,1.667
result/REDD_Fridge_1min/128/BERT4NILM_2,11.258,1.489
result/REDD_Fridge_1min/128/BiLSTM_2,26.991,0.31
result/REDD_Fridge_1min/128/BiGRU_2,4.521,1.457
result/REDD_Fridge_1min/128/CNN1D_2,15.241,0.19
result/REDD_Fridge_1min/128/DAResNet_2,41.943,0.439
result/REDD_Fridge_1min/256/NILMFormer_0,3.213,0.161
result/REDD_Fridge_1min/256/BERT4NILM_0,12.759,0.642
result/REDD_Fridge_1min/256/BiLSTM_0,48.347,0.229
result/REDD_Fridge_1min/256/BiGRU_0,2.365,0.705
result/REDD_Fridge_1min/256/CNN1D_0,16.455,0.063
result/REDD_Fridge_1min/256/DAResNet_0,31.079,0.303
result/REDD_Fridge_1min/256/NILMFormer_1,3.094,0.769
result/REDD_Fridge_1min/256/BERT4NILM_1,9.072,0.396
result/REDD_Fridge_1min/256/BiLSTM_1,21.909,0.667
result/REDD_Fridge_1min/256/BiGRU_1,2.409,0.774
result/REDD_Fridge_1min/256/CNN1D_1,10.287,0.098
result/REDD_Fridge_1min/256/DAResNet_1,32.426,0.385
result/REDD_Fridge_1min/256/NILMFormer_2,4.201,0.776
result/REDD_Fridge_1min/256/BERT4NILM_2,7.769,0.221
result/REDD_Fridge_1min/256/BiLSTM_2,20.64,0.263
result/REDD_Fridge_1min/256/BiGRU_2,1.333,0.172
result/REDD_Fridge_1min/256/CNN1D_2,23.395,0.069
result/REDD_Fridge_1min/256/DAResNet_2,48.56,0.231
result/REDD_Fridge_1min/512/NILMFormer_0,3.434,0.331
result/REDD_Fridge_1min/512/BERT4NILM_0,8.114,0.269
result/REDD_Fridge_1min/512/BiLSTM_0,40.004,0.162
result/REDD_Fridge_1min/512/BiGRU_0,1.447,0.345
result/REDD_Fridge_1min/512/CNN1D_0,10.381,0.094
result/REDD_Fridge_1min/512/DAResNet_0,62.47,0.352
result/REDD_Fridge_1min/512/NILMFormer_1,3.489,0.322
result/REDD_Fridge_1min/512/BERT4NILM_1,8.543,0.234
result/REDD_Fridge_1min/512/BiLSTM_1,42.742,0.446
result/REDD_Fridge_1min/512/BiGRU_1,1.863,0.336
result/REDD_Fridge_1min/512/CNN1D_1,10.935,0.102
result/REDD_Fridge_1min/512/DAResNet_1,134.809,0.254
result/REDD_Fridge_1min/512/NILMFormer_2,3.306,0.34
result/REDD_Fridge_1min/512/BERT4NILM_2,8.757,0.055
result/REDD_Fridge_1min/512/BiLSTM_2,42.923,0.143
result/REDD_Fridge_1min/512/BiGRU_2,1.403,0.321
result/REDD_Fridge_1min/512/CNN1D_2,11.523,0.139
result/REDD_Fridge_1min/512/DAResNet_2,100.842,0.14
result/UKDALE_WashingMachine_10s/128/TCN_KL_0,0,110.81
result/UKDALE_WashingMachine_10s/128/TCN_KL_1,0,112.289
result/UKDALE_WashingMachine_10s/128/TCN_KL_2,0,107.414
result/UKDALE_WashingMachine_10s/256/TCN_KL_0,0,55.624
result/UKDALE_WashingMachine_10s/256/TCN_KL_1,0,56.136
result/UKDALE_WashingMachine_10s/256/TCN_KL_2,0,55.665
result/UKDALE_WashingMachine_10s/512/TCN_KL_0,0,28.423
result/UKDALE_WashingMachine_10s/512/TCN_KL_1,0,27.908
result/UKDALE_WashingMachine_10s/512/TCN_KL_2,0,28.585
result/UKDALE_Dishwasher_10s/128/TCN_KL_0,0,111.092
result/UKDALE_Dishwasher_10s/128/TCN_KL_1,0,112.099
result/UKDALE_Dishwasher_10s/128/TCN_KL_2,0,111.964
result/UKDALE_Dishwasher_10s/256/TCN_KL_0,0,57.46
result/UKDALE_Dishwasher_10s/256/TCN_KL_1,0,55.725
result/UKDALE_Dishwasher_10s/256/TCN_KL_2,0,55.859
result/UKDALE_Dishwasher_10s/512/TCN_KL_0,0,29.079
result/UKDALE_Dishwasher_10s/512/TCN_KL_1,0,28.267
result/UKDALE_Dishwasher_10s/512/TCN_KL_2,0,28.944
result/UKDALE_Kettle_10s/128/TCN_KL_0,0,189.732
result/UKDALE_Kettle_10s/128/TCN_KL_1,0,187.428
result/UKDALE_Kettle_10s/128/TCN_KL_2,0,188.85
result/UKDALE_Kettle_10s/256/TCN_KL_0,0,95.644
result/UKDALE_Kettle_10s/256/TCN_KL_1,0,95.153
result/UKDALE_Kettle_10s/256/TCN_KL_2,0,95.935
result/UKDALE_Kettle_10s/512/TCN_KL_0,0,48.215
result/UKDALE_Kettle_10s/512/TCN_KL_1,0,48.626
result/UKDALE_Kettle_10s/512/TCN_KL_2,0,47.777
result/UKDALE_Microwave_10s/128/TCN_KL_0,0,112.456
result/UKDALE_Microwave_10s/128/TCN_KL_1,0,110.952
result/UKDALE_Microwave_10s/128/TCN_KL_2,0,110.438
result/UKDALE_Microwave_10s/256/TCN_KL_0,0,56.34
result/UKDALE_Microwave_10s/256/TCN_KL_1,0,55.627
result/UKDALE_Microwave_10s/256/TCN_KL_2,0,54.212
result/UKDALE_Microwave_10s/512/TCN_KL_0,0,28.068
result/UKDALE_Microwave_10s/512/TCN_KL_1,0,28.677
result/UKDALE_Microwave_10s/512/TCN_KL_2,0,28.521
result/UKDALE_Fridge_10s/128/TCN_KL_0,0,113.238
result/UKDALE_Fridge_10s/128/TCN_KL_1,0,110.058
result/UKDALE_Fridge_10s/128/TCN_KL_2,0,110.394
result/UKDALE_Fridge_10s/256/TCN_KL_0,0,54.574
result/UKDALE_Fridge_10s/256/TCN_KL_1,0,55.573
result/UKDALE_Fridge_10s/256/TCN_KL_2,0,59.418
result/UKDALE_Fridge_10s/512/TCN_KL_0,0,28.514
result/UKDALE_Fridge_10s/512/TCN_KL_1,0,28.127
result/UKDALE_Fridge_10s/512/TCN_KL_2,0,28.528
result-synagg/REDD_WashingMachine_10s/128/NILMFormer_0,186.625,10.405
result-synagg/REDD_WashingMachine_10s/128/BERT4NILM_0,157.348,13.687
result-synagg/REDD_WashingMachine_10s/128/BiLSTM_0,76.217,4.489
result-synagg/REDD_WashingMachine_10s/128/BiGRU_0,68.826,4.573
result-synagg/UKDALE_WashingMachine_10s/128/NILMFormer_0,1152.367,43.46
result-synagg/REDD_WashingMachine_10s/128/CNN1D_0,167.561,13.356
result-synagg/REDD_WashingMachine_10s/128/NILMFormer_0,161.594,9.675
result-synagg/REDD_WashingMachine_10s/128/BERT4NILM_0,136.094,7.345
result-synagg/REDD_WashingMachine_10s/128/BiLSTM_0,72.573,4.177
result-synagg/REDD_WashingMachine_10s/128/BiGRU_0,117.933,4.692
result-synagg/REDD_WashingMachine_10s/128/CNN1D_0,124.971,5.261
result/REDD_WashingMachine_10s/128/BERT4NILM_1,240.51,20.514
result/REDD_WashingMachine_10s/128/BiLSTM_1,210.218,4.744
result/REDD_WashingMachine_10s/128/BiGRU_1,177.401,11.953
result/REDD_WashingMachine_10s/128/CNN1D_1,214.464,13.333
result/REDD_WashingMachine_10s/128/NILMFormer_2,264.719,29.337
result/REDD_WashingMachine_10s/128/BERT4NILM_2,138.958,7.365
result/REDD_WashingMachine_10s/128/BiLSTM_2,125.61,4.435
result/REDD_WashingMachine_10s/128/BiGRU_2,120.713,4.453
result/UKDALE_WashingMachine_10s/128/NILMFormer_0,2233.423,45.226
result/REDD_WashingMachine_10s/128/CNN1D_2,130.034,13.327
result/REDD_WashingMachine_10s/256/NILMFormer_0,90.341,14.746
result/REDD_WashingMachine_10s/256/BERT4NILM_0,126.4,10.189
result/REDD_WashingMachine_10s/256/BiLSTM_0,154.29,4.278
result/REDD_WashingMachine_10s/256/BiGRU_0,106.238,6.267
result/REDD_WashingMachine_10s/256/CNN1D_0,104.211,6.911
result/REDD_WashingMachine_10s/256/NILMFormer_1,74.702,5.154
result/REDD_WashingMachine_10s/256/BERT4NILM_1,68.202,3.762
result/UKDALE_WashingMachine_10s/128/BERT4NILM_0,1954.605,32.931
result/REDD_WashingMachine_10s/256/BiLSTM_1,82.705,3.466
result/REDD_WashingMachine_10s/256/BiGRU_1,84.966,11.73
result/REDD_WashingMachine_10s/256/CNN1D_1,92.51,11.29
result/REDD_WashingMachine_10s/256/DAResNet_1,133.257,18.385
result/REDD_WashingMachine_10s/256/NILMFormer_2,104.115,14.319
result/REDD_WashingMachine_10s/256/BERT4NILM_2,93.935,11.677
result/REDD_WashingMachine_10s/256/BiLSTM_2,114.654,12.467
result/REDD_WashingMachine_10s/256/BiGRU_2,92.223,11.729
result/REDD_WashingMachine_10s/256/CNN1D_2,92.453,11.291
result/REDD_WashingMachine_10s/256/DAResNet_2,133.493,17.924
result/REDD_WashingMachine_10s/512/NILMFormer_0,58.333,7.282
result/REDD_WashingMachine_10s/512/BERT4NILM_0,51.991,5.886
result/REDD_WashingMachine_10s/512/BiLSTM_0,113.181,8.337
result/REDD_WashingMachine_10s/512/BiGRU_0,48.498,6.144
result/REDD_WashingMachine_10s/512/CNN1D_0,49.278,5.699
result/REDD_WashingMachine_10s/512/DAResNet_0,119.658,9.598
result/REDD_WashingMachine_10s/512/NILMFormer_1,58.214,7.277
result/REDD_WashingMachine_10s/512/BERT4NILM_1,49.913,5.96
result/REDD_WashingMachine_10s/512/BiLSTM_1,113.27,8.327
result/REDD_WashingMachine_10s/512/BiGRU_1,48.736,6.143
result/REDD_WashingMachine_10s/512/CNN1D_1,49.285,5.691
result/REDD_WashingMachine_10s/512/DAResNet_1,119.813,9.565
result/REDD_WashingMachine_10s/512/NILMFormer_2,58.37,7.27
result/REDD_WashingMachine_10s/512/BERT4NILM_2,49.814,5.877
result/REDD_WashingMachine_10s/512/BiLSTM_2,113.289,8.332
result/REDD_WashingMachine_10s/512/BiGRU_2,48.783,6.142
result/REDD_WashingMachine_10s/512/CNN1D_2,49.288,5.686
result/REDD_WashingMachine_10s/512/DAResNet_2,148.135,9.662
result/REDD_Dishwasher_10s/128/NILMFormer_0,225.171,28.535
result/REDD_Dishwasher_10s/128/BERT4NILM_0,211.797,23.031
result/REDD_Dishwasher_10s/128/BiLSTM_0,215.829,23.69
result/REDD_Dishwasher_10s/128/BiGRU_0,208.404,22.903
result/REDD_Dishwasher_10s/128/CNN1D_0,211.715,22.507
result/REDD_Dishwasher_10s/128/NILMFormer_1,226.019,28.528
result/REDD_Dishwasher_10s/128/BERT4NILM_1,210.961,23.092
result/REDD_Dishwasher_10s/128/BiLSTM_1,215.797,23.686
result/REDD_Dishwasher_10s/128/BiGRU_1,208.388,22.902
result/REDD_Dishwasher_10s/128/CNN1D_1,211.661,22.501
result/REDD_Dishwasher_10s/128/NILMFormer_2,228.799,29.506
result/REDD_Dishwasher_10s/128/BERT4NILM_2,217.984,25.749
result/REDD_Dishwasher_10s/128/BiLSTM_2,215.783,23.689
result/REDD_Dishwasher_10s/128/BiGRU_2,208.46,22.904
result/REDD_Dishwasher_10s/128/CNN1D_2,211.726,22.498
result/REDD_Dishwasher_10s/256/NILMFormer_0,119.736,15.243
result/REDD_Dishwasher_10s/256/BERT4NILM_0,115.846,11.617
result/REDD_Dishwasher_10s/256/BiLSTM_0,137.257,12.477
result/REDD_Dishwasher_10s/256/BiGRU_0,105.707,11.735
result/REDD_Dishwasher_10s/256/CNN1D_0,112.538,11.295
result/REDD_Dishwasher_10s/256/DAResNet_0,141.099,18.352
result/REDD_Dishwasher_10s/256/NILMFormer_1,115.538,14.33
result/REDD_Dishwasher_10s/256/BERT4NILM_1,111.983,11.651
result/REDD_Dishwasher_10s/256/BiLSTM_1,137.32,12.477
result/REDD_Dishwasher_10s/256/BiGRU_1,105.727,11.735
result/REDD_Dishwasher_10s/256/CNN1D_1,106.487,11.291
result/REDD_Dishwasher_10s/256/DAResNet_1,141.015,18.447
result/REDD_Dishwasher_10s/256/NILMFormer_2,116.226,14.331
result/REDD_Dishwasher_10s/256/BERT4NILM_2,112.033,11.609
result/REDD_Dishwasher_10s/256/BiLSTM_2,137.31,12.478
result/REDD_Dishwasher_10s/256/BiGRU_2,105.681,11.736
result/REDD_Dishwasher_10s/256/CNN1D_2,106.463,11.296
result/REDD_Dishwasher_10s/256/DAResNet_2,141.04,18.373
result/REDD_Dishwasher_10s/512/NILMFormer_0,65.328,7.279
result/REDD_Dishwasher_10s/512/BERT4NILM_0,60.678,5.881
result/REDD_Dishwasher_10s/512/BiLSTM_0,117.766,8.334
result/REDD_Dishwasher_10s/512/BiGRU_0,54.849,6.142
result/REDD_Dishwasher_10s/512/CNN1D_0,55.652,5.691
result/REDD_Dishwasher_10s/512/DAResNet_0,95.016,9.663
result/REDD_Dishwasher_10s/512/NILMFormer_1,65.166,7.276
result/REDD_Dishwasher_10s/512/BERT4NILM_1,60.658,5.889
result/REDD_Dishwasher_10s/512/BiLSTM_1,117.622,8.327
result/REDD_Dishwasher_10s/512/BiGRU_1,57.668,6.138
result/REDD_Dishwasher_10s/512/CNN1D_1,55.727,5.697
result/REDD_Dishwasher_10s/512/DAResNet_1,94.793,9.628
result/REDD_Dishwasher_10s/512/NILMFormer_2,65.893,7.269
result/REDD_Dishwasher_10s/512/BERT4NILM_2,58.595,5.876
result/REDD_Dishwasher_10s/512/BiLSTM_2,117.725,8.329
result/REDD_Dishwasher_10s/512/BiGRU_2,54.809,6.145
result/REDD_Dishwasher_10s/512/CNN1D_2,55.705,5.686
result/REDD_Dishwasher_10s/512/DAResNet_2,94.494,9.974
result/REDD_Microwave_10s/128/NILMFormer_0,155.01,28.528
result/REDD_Microwave_10s/128/BERT4NILM_0,140.794,23.073
result/REDD_Microwave_10s/128/BiLSTM_0,145.409,23.682
result/REDD_Microwave_10s/128/BiGRU_0,138.546,24.585
result/REDD_Microwave_10s/128/CNN1D_0,157.415,24.706
result/REDD_Microwave_10s/128/NILMFormer_1,155.91,28.604
result/REDD_Microwave_10s/128/BERT4NILM_1,140.902,23.141
result/REDD_Microwave_10s/128/BiLSTM_1,145.437,23.686
result/REDD_Microwave_10s/128/BiGRU_1,138.58,22.899
result/REDD_Microwave_10s/128/CNN1D_1,139.254,22.598
result/REDD_Microwave_10s/128/NILMFormer_2,155.027,28.62
result/REDD_Microwave_10s/128/BERT4NILM_2,141.335,23.036
result/REDD_Microwave_10s/128/BiLSTM_2,145.509,23.697
result/REDD_Microwave_10s/128/BiGRU_2,138.598,22.896
result/REDD_Microwave_10s/128/CNN1D_2,140.38,22.509
result/REDD_Microwave_10s/256/NILMFormer_0,82.709,14.479
result/REDD_Microwave_10s/256/BERT4NILM_0,73.213,11.611
result/REDD_Microwave_10s/256/BiLSTM_0,83.377,12.474
result/REDD_Microwave_10s/256/BiGRU_0,71.604,11.737
result/REDD_Microwave_10s/256/CNN1D_0,72.178,11.293
result/REDD_Microwave_10s/256/DAResNet_0,105.252,18.807
result/REDD_Microwave_10s/256/NILMFormer_1,80.379,14.487
result/REDD_Microwave_10s/256/BERT4NILM_1,73.106,11.885
result/REDD_Microwave_10s/256/BiLSTM_1,83.449,12.596
result/REDD_Microwave_10s/256/BiGRU_1,71.497,11.849
result/REDD_Microwave_10s/256/CNN1D_1,72.041,11.399
result/REDD_Microwave_10s/256/DAResNet_1,105.559,18.893
result/REDD_Microwave_10s/256/NILMFormer_2,80.188,14.476
result/REDD_Microwave_10s/256/BERT4NILM_2,73.085,11.862
result/REDD_Microwave_10s/256/BiLSTM_2,83.327,12.588
result/REDD_Microwave_10s/256/BiGRU_2,71.475,11.847
result/REDD_Microwave_10s/256/CNN1D_2,71.927,11.409
result/REDD_Microwave_10s/256/DAResNet_2,105.639,18.57
result/REDD_Microwave_10s/512/NILMFormer_0,47.1,7.343
result/REDD_Microwave_10s/512/BERT4NILM_0,39.448,6.1
result/REDD_Microwave_10s/512/BiLSTM_0,99.985,8.427
result/REDD_Microwave_10s/512/BiGRU_0,41.223,6.146
result/REDD_Microwave_10s/512/CNN1D_0,39.125,5.684
result/REDD_Microwave_10s/512/DAResNet_0,105.486,9.958
result/REDD_Microwave_10s/512/NILMFormer_1,45.23,7.271
result/REDD_Microwave_10s/512/BERT4NILM_1,39.27,5.879
result/REDD_Microwave_10s/512/BiLSTM_1,99.922,8.328
result/REDD_Microwave_10s/512/BiGRU_1,38.124,6.147
result/REDD_Microwave_10s/512/CNN1D_1,39.156,5.686
result/REDD_Microwave_10s/512/DAResNet_1,105.084,9.154
result/REDD_Microwave_10s/512/NILMFormer_2,45.346,7.273
result/REDD_Microwave_10s/512/BERT4NILM_2,39.274,5.877
result/REDD_Microwave_10s/512/BiLSTM_2,99.845,8.331
result/REDD_Microwave_10s/512/BiGRU_2,38.179,6.141
result/REDD_Microwave_10s/512/CNN1D_2,39.162,5.685
result/REDD_Microwave_10s/512/DAResNet_2,105.214,9.487
result/REDD_Fridge_10s/128/NILMFormer_0,178.2,28.523
result/REDD_Fridge_10s/128/BERT4NILM_0,178.917,23.044
result/REDD_Fridge_10s/128/BiLSTM_0,179.923,23.69
result/REDD_Fridge_10s/128/BiGRU_0,162.896,23.052
result/REDD_Fridge_10s/128/CNN1D_0,168.002,22.594
result/REDD_Fridge_10s/128/NILMFormer_1,180.729,28.855
result/REDD_Fridge_10s/128/BERT4NILM_1,173.533,23.466
result/REDD_Fridge_10s/128/BiLSTM_1,174.188,23.806
result/REDD_Fridge_10s/128/BiGRU_1,166.132,22.906
result/REDD_Fridge_10s/128/CNN1D_1,166.735,22.562
result/REDD_Fridge_10s/128/NILMFormer_2,199.676,28.622
result/REDD_Fridge_10s/128/BERT4NILM_2,182.462,23.329
result/REDD_Fridge_10s/128/BiLSTM_2,193.993,23.775
result/REDD_Fridge_10s/128/BiGRU_2,166.769,22.994
result/REDD_Fridge_10s/128/CNN1D_2,166.832,22.595
result/REDD_Fridge_10s/256/NILMFormer_0,96.802,14.55
result/REDD_Fridge_10s/256/BERT4NILM_0,100.581,11.643
result/REDD_Fridge_10s/256/BiLSTM_0,105.671,12.522
result/REDD_Fridge_10s/256/BiGRU_0,83.217,11.787
result/REDD_Fridge_10s/256/CNN1D_0,84.351,11.345
result/REDD_Fridge_10s/256/DAResNet_0,126.247,18.111
result/REDD_Fridge_10s/256/NILMFormer_1,93.163,14.332
result/REDD_Fridge_10s/256/BERT4NILM_1,99.353,12.257
result/REDD_Fridge_10s/256/BiLSTM_1,106.241,12.481
result/REDD_Fridge_10s/256/BiGRU_1,82.63,11.736
result/REDD_Fridge_10s/256/CNN1D_1,84.539,11.297
result/REDD_Fridge_10s/256/DAResNet_1,122.11,17.957
result/REDD_Fridge_10s/256/NILMFormer_2,94.205,14.339
result/REDD_Fridge_10s/256/BERT4NILM_2,91.424,11.763
result/REDD_Fridge_10s/256/BiLSTM_2,106.607,12.482
result/REDD_Fridge_10s/256/BiGRU_2,82.005,11.786
result/REDD_Fridge_10s/256/CNN1D_2,89.798,12.315
result/REDD_Fridge_10s/256/DAResNet_2,137.524,25.807
result/REDD_Fridge_10s/512/NILMFormer_0,55.899,8.048
result/REDD_Fridge_10s/512/BERT4NILM_0,51.509,7.33
result/REDD_Fridge_10s/512/BiLSTM_0,106.556,8.423
result/REDD_Fridge_10s/512/BiGRU_0,43.971,6.187
result/REDD_Fridge_10s/512/CNN1D_0,45.337,6.034
result/REDD_Fridge_10s/512/DAResNet_0,95.138,12.97
result/REDD_Fridge_10s/512/NILMFormer_1,56.445,8.747
result/REDD_Fridge_10s/512/BERT4NILM_1,46.488,7.159
result/REDD_Fridge_10s/512/BiLSTM_1,107.079,8.388
result/REDD_Fridge_10s/512/BiGRU_1,43.73,6.183
result/REDD_Fridge_10s/512/CNN1D_1,45.467,5.996
result/REDD_Fridge_10s/512/DAResNet_1,91.225,9.801
result/REDD_Fridge_10s/512/NILMFormer_2,55.075,7.965
result/REDD_Fridge_10s/512/BERT4NILM_2,46.246,5.877
result/REDD_Fridge_10s/512/BiLSTM_2,106.451,8.364
result/REDD_Fridge_10s/512/BiGRU_2,43.327,6.137
result/REDD_Fridge_10s/512/CNN1D_2,45.091,5.687
result/REDD_Fridge_10s/512/DAResNet_2,83.653,10.058
result-synagg/UKDALE_WashingMachine_10s/128/NILMFormer_0,1850.951,44.768
result-synagg/UKDALE_WashingMachine_10s/128/NILMFormer_2,1826.915,43.006
result-synagg/UKDALE_WashingMachine_10s/256/NILMFormer_0,927.012,22.754
result-synagg/UKDALE_WashingMachine_10s/256/NILMFormer_1,927.692,22.225
result-synagg/UKDALE_WashingMachine_10s/256/NILMFormer_2,930.0,21.933
result-synagg/UKDALE_WashingMachine_10s/512/NILMFormer_0,500.506,11.698
result-synagg/UKDALE_WashingMachine_10s/512/NILMFormer_1,501.283,11.113
result-synagg/UKDALE_WashingMachine_10s/512/NILMFormer_2,499.589,11.351
result-synagg/UKDALE_Dishwasher_10s/128/NILMFormer_0,1834.058,44.974
result-synagg/UKDALE_Dishwasher_10s/128/NILMFormer_1,1830.784,44.668
result-synagg/UKDALE_Dishwasher_10s/128/NILMFormer_2,1829.302,43.619
result-synagg/UKDALE_Dishwasher_10s/256/NILMFormer_0,931.893,21.767
result-synagg/UKDALE_Dishwasher_10s/256/NILMFormer_1,929.404,21.406
result-synagg/UKDALE_Dishwasher_10s/256/NILMFormer_2,930.828,22.37
result-synagg/UKDALE_Dishwasher_10s/512/NILMFormer_0,504.155,11.406
result-synagg/UKDALE_Dishwasher_10s/512/NILMFormer_2,503.396,11.71
result-synagg/UKDALE_Kettle_10s/128/NILMFormer_0,1735.624,77.882
result-synagg/UKDALE_Kettle_10s/128/NILMFormer_1,1738.526,79.699
result-synagg/UKDALE_Kettle_10s/128/NILMFormer_2,1775.073,81.836
result-synagg/UKDALE_Kettle_10s/256/NILMFormer_0,885.496,40.932
result-synagg/UKDALE_Kettle_10s/256/NILMFormer_1,950.836,46.694
result-synagg/UKDALE_Kettle_10s/256/NILMFormer_2,927.442,49.917
result-synagg/UKDALE_Kettle_10s/512/NILMFormer_0,521.804,38.83
result-synagg/UKDALE_Kettle_10s/512/NILMFormer_1,489.719,21.245
result-synagg/UKDALE_Kettle_10s/512/NILMFormer_2,487.76,20.818
result-synagg/UKDALE_Microwave_10s/128/NILMFormer_0,1815.148,45.487
result-synagg/UKDALE_Microwave_10s/128/NILMFormer_1,1813.058,43.803
result-synagg/UKDALE_Microwave_10s/128/NILMFormer_2,1794.914,44.395
result-synagg/UKDALE_Microwave_10s/256/NILMFormer_0,1069.541,34.537
result-synagg/UKDALE_Microwave_10s/256/NILMFormer_1,946.877,22.162
result-synagg/UKDALE_Microwave_10s/256/NILMFormer_2,927.098,22.04
result-synagg/UKDALE_Microwave_10s/512/NILMFormer_0,511.227,11.849
result-synagg/UKDALE_Microwave_10s/512/NILMFormer_1,511.185,11.328
result-synagg/UKDALE_Microwave_10s/512/NILMFormer_2,512.139,11.723
result-synagg/UKDALE_Fridge_10s/128/NILMFormer_0,1815.755,44.531
result-synagg/UKDALE_Fridge_10s/256/NILMFormer_1,916.28,22.61
result-synagg/UKDALE_Fridge_10s/256/NILMFormer_2,908.529,23.278
result-synagg/UKDALE_Fridge_10s/512/NILMFormer_0,487.221,11.193
result-synagg/UKDALE_Fridge_10s/512/NILMFormer_1,487.508,11.434
result-synagg/UKDALE_Fridge_10s/512/NILMFormer_2,488.92,11.364
